case,size,head_pattern,batch_size,num_heads,seq_len,past_len,sliding_window,warmups,iterations,median_us,mean_us,min_us,p95_us,output_elements,elements_per_sec,effective_output_gib_per_sec
small-all-full,small,all-full,1,8,128,128,64,1000,1000,6.144,6.280,5.120,6.880,262144,42666665157.510,158.946
small-all-sliding,small,all-sliding,1,8,128,128,64,1000,1000,6.144,6.257,5.120,6.976,262144,42666665157.510,158.946
small-alternating,small,alternating,1,8,128,128,64,1000,1000,6.144,6.303,5.120,7.008,262144,42666665157.510,158.946
medium-all-full,medium,all-full,1,16,512,512,256,1000,1000,76.800,75.693,70.400,78.848,8388608,109226661478.679,406.901
medium-all-sliding,medium,all-sliding,1,16,512,512,256,1000,1000,73.728,73.037,69.312,75.776,8388608,113777773753.361,423.855
medium-alternating,medium,alternating,1,16,512,512,256,1000,1000,71.552,72.022,69.248,74.752,8388608,117237923325.894,436.745
large-all-full,large,all-full,2,16,1024,1024,512,1000,1000,635.904,634.648,625.664,647.168,67108864,105533008930.388,393.141
large-all-sliding,large,all-sliding,2,16,1024,1024,512,1000,1000,635.904,634.551,626.368,649.216,67108864,105533008930.388,393.141
large-alternating,large,alternating,2,16,1024,1024,512,1000,1000,635.904,634.409,625.664,647.168,67108864,105533008930.388,393.141
