case,size,head_pattern,batch_size,num_heads,seq_len,past_len,sliding_window,warmups,iterations,baseline_median_us,optimized_median_us,speedup,baseline_mean_us,optimized_mean_us,baseline_min_us,optimized_min_us,baseline_p95_us,optimized_p95_us,output_elements,baseline_elements_per_sec,optimized_elements_per_sec,baseline_effective_output_gib_per_sec,optimized_effective_output_gib_per_sec
small-all-full,small,all-full,1,8,128,128,64,1000,1000,6.144,5.120,1.200,6.794,5.922,5.120,4.096,8.192,6.784,262144,42666665157.510,51200001293.421,158.946,190.735
small-all-sliding,small,all-sliding,1,8,128,128,64,1000,1000,6.848,5.120,1.338,7.338,6.137,5.120,4.096,10.208,8.192,262144,38280373887.752,51200001293.421,142.606,190.735
small-alternating,small,alternating,1,8,128,128,64,1000,1000,6.144,5.120,1.200,7.381,6.308,5.120,4.096,17.408,17.440,262144,42666665157.510,51200001293.421,158.946,190.735
medium-all-full,medium,all-full,1,16,512,512,256,1000,1000,74.752,57.168,1.308,75.208,44.746,68.608,25.600,77.824,62.464,8388608,112219173646.864,146736077547.479,418.049,546.634
medium-all-sliding,medium,all-sliding,1,16,512,512,256,1000,1000,70.464,58.368,1.207,70.730,44.099,68.608,25.600,72.512,61.440,8388608,119048137877.467,143719295455.332,443.489,535.396
medium-alternating,medium,alternating,1,16,512,512,256,1000,1000,71.552,58.272,1.228,71.900,44.694,68.704,25.312,76.800,63.360,8388608,117237923325.894,143956067100.822,436.745,536.278
large-all-full,large,all-full,2,16,1024,1024,512,1000,1000,636.928,633.632,1.005,637.663,633.735,625.696,622.592,655.104,650.240,67108864,105363340427.364,105911417902.994,392.509,394.551
large-all-sliding,large,all-sliding,2,16,1024,1024,512,1000,1000,632.624,628.736,1.006,635.480,631.418,625.696,622.592,648.288,644.096,67108864,106080173953.280,106736153103.456,395.179,397.623
large-alternating,large,alternating,2,16,1024,1024,512,1000,1000,636.768,632.832,1.006,636.474,632.505,626.400,622.304,650.304,645.120,67108864,105389821325.216,106045308998.634,392.608,395.050
